print '' print 'Using Imitation Database - INSERT.sql'
USE Imitation
GO

/*

    INSERT DATA

*/
print '' print '-----' print '' print 'INSERT DATA SECTION' print '' print '-----'
GO

print '' print 'Inserting Level Data'
GO
INSERT INTO Levels 
    ([Level], [HandleCooldown])
VALUES
    (1, 120),
    (2, 90),
    (3, 60),
    (4, 15),
    (10, 0) -- admin
GO

print '' print 'Inserting Token Data'
GO
INSERT INTO RegisterTokens
    ([Token], [Level], [Days], [UsedBy], [UsedDate])
VALUES 
    ('281b95af-75ab-45a1-be50-53c656db6750', 1, 31, 'kaden', '2023-10-19'),
    ('703c8b8c-8fa4-4df7-8f5b-9d79efc860c4', 2, 93, 'jacob', '2023-10-19'),
    ('333702f9-859a-4dac-92b0-638999a666a8', 10, 365, 'adian', '2020-10-19'),
    ('333702f9-859a-4dac-92b0-638999a666a2', 10, 365, 'adrian', '2020-10-19'),
    ('433702f9-859a-4dac-92b0-638999a666a7', 10, 365, null, null),
    ('533702f9-859a-4dac-92b0-638999a666a6', 10, 365, null, null),
    ('633702f9-859a-4dac-92b0-638999a666a5', 10, 365, null, null),
    ('733702f9-859a-4dac-92b0-638999a666a4', 10, 365, null, null),
    ('833702f9-859a-4dac-92b0-638999a666a3', 10, 365, null, null)
GO

print '' print 'Inserting User Data'
GO
INSERT INTO Users
    ([Username], [PasswordHash], [Level],
    [Expiration], [RegisterToken])
VALUES
    -- 'mypassword'
    ('kaden', '89e01536ac207279409d4de1e5253e01f4a1769e696db0d6062ca9b8f56767c8', 10, '2030-12-31', '281b95af-75ab-45a1-be50-53c656db6750'), 
    ('jacob', '89e01536ac207279409d4de1e5253e01f4a1769e696db0d6062ca9b8f56767c8', 1, '2025-12-31', '703c8b8c-8fa4-4df7-8f5b-9d79efc860c4'),
    ('adian', '89e01536ac207279409d4de1e5253e01f4a1769e696db0d6062ca9b8f56767c8', 2, '2025-12-31', '333702f9-859a-4dac-92b0-638999a666a8'),
    ('adrian', '89e01536ac207279409d4de1e5253e01f4a1769e696db0d6062ca9b8f56767c8', 2, '2025-12-31', '333702f9-859a-4dac-92b0-638999a666a2') 
GO

print '' print 'Inserting UserSettings Data'
GO
INSERT INTO UserSettings
    ([Username])
VALUES
    ('kaden'), 
    ('jacob'),
    ('adian'),
    ('adrian')
GO

print '' print 'Inserting Platform Data'
GO
INSERT INTO Platforms
    ([PlatformName], [MinimumLevel])
VALUES
    ('Instagram', 1),
    ('Facebook', 1),
    ('Twitter/X', 2),
    ('YouTube', 3),
    ('TikTok', 4)
GO

print '' print 'Inserting PlatformConstraints Data'
GO
INSERT INTO PlatformConstraints
    ([PlatformName], [RequestCount], [RequestType])
VALUES
    -- All will have custom option
    ('Instagram', 1000, 'Followers'),
    ('Instagram', 1000, 'Likes'),
    ('Instagram', 1000, 'Comments'),
    ('Instagram', 2500, 'Followers'),
    ('Instagram', 2500, 'Likes'),
    ('Instagram', 2500, 'Comments'),
    ('Instagram', 10000, 'Followers'),
    ('Instagram', 10000, 'Likes'),
    ('Instagram', 10000, 'Comments'),
    ('Facebook', 1000, 'Followers'),
    ('Facebook', 1000, 'Likes'),
    ('Facebook', 1000, 'Comments'),
    ('Facebook', 2500, 'Followers'),
    ('Facebook', 2500, 'Likes'),
    ('Facebook', 2500, 'Comments'),
    ('Facebook', 10000, 'Followers'),
    ('Facebook', 10000, 'Likes'),
    ('Facebook', 10000, 'Comments'),
    ('Twitter/X', 1000, 'Followers'),
    ('Twitter/X', 1000, 'Likes'),
    ('Twitter/X', 1000, 'Comments'),
    ('Twitter/X', 1000, 'Retweets'),
    ('Twitter/X', 2500, 'Followers'),
    ('Twitter/X', 2500, 'Likes'),
    ('Twitter/X', 2500, 'Comments'),
    ('Twitter/X', 2500, 'Retweets'),
    ('Twitter/X', 10000, 'Followers'),
    ('Twitter/X', 10000, 'Likes'),
    ('Twitter/X', 10000, 'Comments'),
    ('Twitter/X', 10000, 'Retweets'),
    ('YouTube', 1000, 'Subscribers'),
    ('YouTube', 1000, 'Likes'),
    ('YouTube', 1000, 'Comments'),
    ('YouTube', 2500, 'Subscribers'),
    ('YouTube', 2500, 'Likes'),
    ('YouTube', 2500, 'Comments'),
    ('YouTube', 10000, 'Subscribers'),
    ('YouTube', 10000, 'Likes'),
    ('YouTube', 10000, 'Comments'),
    ('TikTok', 1000, 'Followers'),
    ('TikTok', 1000, 'Likes'),
    ('TikTok', 1000, 'Comments'),
    ('TikTok', 1000, 'Shares'),
    ('TikTok', 2500, 'Followers'),
    ('TikTok', 2500, 'Likes'),
    ('TikTok', 2500, 'Comments'),
    ('TikTok', 2500, 'Shares'),
    ('TikTok', 10000, 'Followers'),
    ('TikTok', 10000, 'Likes'),
    ('TikTok', 10000, 'Comments'),
    ('TikTok', 10000, 'Shares')
GO

print '' print 'Skipping UserHistory Data, generated by program'
print '' print 'Skipping UserLogs Data, generated by program'
GO

print '' print 'Inserting Webhook Data'
GO
INSERT INTO Webhooks
    ([Link], [Title])
VALUES
    ('https://discord.com/api/webhooks/', 'login'), // provide real links
    ('https://discord.com/api/webhooks/', 'register'), // provide real links
    ('https://discord.com/api/webhooks/', 'request'), // provide real links
    ('https://discord.com/api/webhooks/', 'ticket') // provide real links
GO

print '' print 'Skipping WebhookLogs Data, generated by program'
GO

print '' print 'Inserting API data'
GO
INSERT INTO APIs
    ([Link], [ParameterPlaceHolder])
VALUES
    -- ('http://127.0.0.1:8080/smm/v1/', '[]'), -- replace [handle] with handle, etc
    ('http://127.0.0.1:8080/smm/v2/', '<>') -- replace <handle> with handle, etc
GO

print '' print 'Skipping APILogs Data, generated by program'
GO

print '' print 'Inserting Review Data'
GO
INSERT INTO Reviews
    ([Submitter], [Message], [Rating], [Date])
VALUES
    ('kaden', 'this is good', 0, '2023-10-19'),
    ('jacob', 'this sucks', 0, '2023-10-19')
GO

print '' print 'Inserting Application Data'
GO
INSERT INTO ApplicationInfo
    ([MOTD], [AppVersion], [TOS], [Help])
VALUES
    ('Hello all, welcome to the ImitationSMM Beta!', 
    '1.1.1', 
    'This is the legal terms of service you must abide by:\nHave a brain!', 
    'Below is a help menu, with a faq!\n\nUse your brain!\n\nFAQ:\n1. How do I use this\nA: oh brother...')
GO

print '' print 'Inserting Log Data'
GO
INSERT INTO UserHistory
    ([Username], [RequestType], [RequestHandle], [RequestDetails], [Date])
VALUES 
    ('kaden', 'follow', 'tiktokhandle', 'TikTok', "12/12/2020"),
    ('kaden', 'likes', 'tiktokhandle', 'Facebook', "12/12/2020"),
    ('kaden', 'follow', 'tiktokhandle', 'YouTube', "12/12/2020"),
    ('kaden', 'likes', 'tiktokhandle', 'TikTok', "12/12/2020")
GO

PRINT '' PRINT 'Inserting Ticket Data'
GO
INSERT INTO Tickets (ID, Title, Issue, Priority, Resolved, Submitter)
VALUES
    ('d5a3f4bf-dfc5-4ba2-a10d-23e2d15865f5', 'Error accessing account', 'I am unable to access my account. When I try to log in, it says my account does not exist.', 1, 0, 'adian'),
    ('e91d8d5f-c24a-41b0-98e4-1d74ffbc97d9', 'Broken links on homepage', 'There are several broken links on the homepage. When I click on them, I get a 404 error page.', 2, 0, 'jacob'),
    ('a29d458a-0754-4396-bb6f-87c131cc3ad2', 'Missing product descriptions', 'The product descriptions are missing for several items on the product listing page. It makes it hard to know what I am purchasing.', 3, 0, 'adian'),
    ('00f4df6a-78c1-4804-8e25-d272147190e3', 'Unable to complete checkout', 'I am unable to complete the checkout process. After entering my payment information, I receive an error message.', 1, 0, 'jacob'),
    ('a93d2b4c-26d2-459f-b7cc-88b03bb3e5a4', 'Site crashing frequently', "The website keeps crashing whenever I try to navigate to different pages. It's very frustrating.", 2, 0, 'adian'),
    ('72eac312-3814-46c7-9ac7-49cf69b9965c', 'Incorrect order total', "The total amount for my order is incorrect. It's charging me for items I did not add to my cart.", 3, 0, 'jacob'),
    ('b7d9351d-5b4c-4d21-b0d2-67baf3347269', 'Email confirmation not received', "I did not receive an email confirmation after placing my order. I checked my spam folder, but it's not there either.", 1, 0, 'adian'),
    ('ee10a7d0-d203-4bdf-a738-5471ac9c8711', 'Images not loading on product page', 'The product images are not loading on the product details page. It just shows a broken image icon.', 2, 0, 'jacob'),
    ('ed9b2df6-7c1b-4a4c-8a22-b63c516729b3', 'Site layout broken on mobile', 'The website layout is broken when viewed on a mobile device. The text and images overlap, making it difficult to read.', 3, 0, 'adian'),
    ('0c95f29a-9f7c-4dc5-bf67-b5f8f96f1ed8', 'Slow response times', 'The website is responding very slowly to user interactions. It takes a long time to load pages and submit forms.', 1, 0, 'jacob')
GO

PRINT '' PRINT 'Inserting TicketMessage Data'
GO
INSERT INTO TicketMessages (TicketID, Message, Sender, IsStaff)
VALUES
    ('d5a3f4bf-dfc5-4ba2-a10d-23e2d15865f5', 'Hi, I need assistance with issue 1.', 'adian', 0),
    ('d5a3f4bf-dfc5-4ba2-a10d-23e2d15865f5', 'Sure, what seems to be the problem?', 'kaden', 1),
    ('d5a3f4bf-dfc5-4ba2-a10d-23e2d15865f5', 'I am experiencing...', 'adian', 0),
    ('d5a3f4bf-dfc5-4ba2-a10d-23e2d15865f5', 'Got it, let me check on that for you.', 'kaden', 1),
    ('d5a3f4bf-dfc5-4ba2-a10d-23e2d15865f5', 'Thank you for your patience.', 'kaden', 1),
    ('e91d8d5f-c24a-41b0-98e4-1d74ffbc97d9', 'Issue 2 is causing me trouble.', 'adrian', 0),
    ('e91d8d5f-c24a-41b0-98e4-1d74ffbc97d9', 'I apologize for the inconvenience. Please provide more details.', 'kaden', 1),
    ('e91d8d5f-c24a-41b0-98e4-1d74ffbc97d9', 'Sure, here are the details...', 'adrian', 0),
    ('a29d458a-0754-4396-bb6f-87c131cc3ad2', 'I need help with issue 3.', 'adrian', 0),
    ('a29d458a-0754-4396-bb6f-87c131cc3ad2', 'What seems to be the problem?', 'kaden', 1),
    ('a29d458a-0754-4396-bb6f-87c131cc3ad2', 'It seems that...', 'adrian', 0),
    ('a29d458a-0754-4396-bb6f-87c131cc3ad2', 'Let me investigate that for you.', 'kaden', 1),
    ('a29d458a-0754-4396-bb6f-87c131cc3ad2', 'Thank you for reaching out.', 'kaden', 1),
    ('00f4df6a-78c1-4804-8e25-d272147190e3', 'I am experiencing issue 4.', 'adian', 0),
    ('00f4df6a-78c1-4804-8e25-d272147190e3', 'Please provide more information about the issue.', 'kaden', 1),
    ('00f4df6a-78c1-4804-8e25-d272147190e3', 'Here are the details...', 'adian', 0),
    ('a93d2b4c-26d2-459f-b7cc-88b03bb3e5a4', 'Issue 5 needs attention.', 'adrian', 0),
    ('a93d2b4c-26d2-459f-b7cc-88b03bb3e5a4', 'Understood. Let me look into that for you.', 'kaden', 1),
    ('a93d2b4c-26d2-459f-b7cc-88b03bb3e5a4', 'Thank you for your cooperation.', 'kaden', 1),
    ('72eac312-3814-46c7-9ac7-49cf69b9965c', 'I am encountering an issue with 6.', 'adrian', 0),
    ('72eac312-3814-46c7-9ac7-49cf69b9965c', 'What seems to be the problem?', 'kaden', 1),
    ('72eac312-3814-46c7-9ac7-49cf69b9965c', 'The issue is...', 'adrian', 0),
    ('72eac312-3814-46c7-9ac7-49cf69b9965c', 'I will investigate further.', 'kaden', 1),
    ('72eac312-3814-46c7-9ac7-49cf69b9965c', 'Thank you for your patience.', 'kaden', 1),
    ('b7d9351d-5b4c-4d21-b0d2-67baf3347269', 'I need assistance with issue 7.', 'adian', 0),
    ('b7d9351d-5b4c-4d21-b0d2-67baf3347269', 'Sure, what is the issue?', 'kaden', 1),
    ('b7d9351d-5b4c-4d21-b0d2-67baf3347269', 'The issue is...', 'adian', 0),
    ('b7d9351d-5b4c-4d21-b0d2-67baf3347269', 'Let me look into that for you.', 'kaden', 1),
    ('b7d9351d-5b4c-4d21-b0d2-67baf3347269', 'Thank you for reaching out.', 'kaden', 1),
    ('ee10a7d0-d203-4bdf-a738-5471ac9c8711', 'Issue 8 is causing problems.', 'adrian', 0),
    ('ee10a7d0-d203-4bdf-a738-5471ac9c8711', 'Please provide more details about the issue.', 'kaden', 1),
    ('ee10a7d0-d203-4bdf-a738-5471ac9c8711', 'Here are the details...', 'adrian', 0),
    ('ed9b2df6-7c1b-4a4c-8a22-b63c516729b3', 'I need help with issue 9.', 'adrian', 0),
    ('ed9b2df6-7c1b-4a4c-8a22-b63c516729b3', 'What seems to be the problem?', 'kaden', 1)
GO